,precision,recall,f1-score,support
0,0.7142857142857143,0.7142857142857143,0.7142857142857143,14.0
1,0.9622641509433962,0.8947368421052632,0.9272727272727272,57.0
2,0.7142857142857143,0.9375,0.8108108108108109,16.0
3,1.0,0.6666666666666666,0.8,3.0
4A,0.6666666666666666,0.5,0.5714285714285715,4.0
4X,0.5,0.6666666666666666,0.5714285714285715,3.0
accuracy,0.845360824742268,0.845360824742268,0.845360824742268,0.845360824742268
macro avg,0.7595837076969153,0.7299759816207184,0.7325377325377326,97.0
weighted avg,0.8602504608145535,0.845360824742268,0.8477063755414271,97.0
