,precision,recall,f1-score,support
0,0.7692307692307693,0.7142857142857143,0.7407407407407408,14.0
1,0.9642857142857143,0.9473684210526315,0.9557522123893805,57.0
2,0.875,0.875,0.875,16.0
3,0.5,0.6666666666666666,0.5714285714285715,3.0
4A,0.6,0.75,0.6666666666666665,4.0
4X,0.6666666666666666,0.6666666666666666,0.6666666666666666,3.0
accuracy,0.8762886597938144,0.8762886597938144,0.8762886597938144,0.8762886597938144
macro avg,0.7291971916971917,0.7699979114452798,0.7460424763153376,97.0
weighted avg,0.8828197575620257,0.8762886597938144,0.8786515346135818,97.0
