,precision,recall,f1-score,support
0,0.0,0.0,0.0,14.0
1,0.9642857142857143,0.9473684210526315,0.9557522123893806,57.0
2,0.625,0.9375,0.75,16.0
3,0.6,1.0,0.75,3.0
4A,0.6666666666666666,1.0,0.8,4.0
4B,0.0,0.0,0.0,0.0
4X,0.75,1.0,0.8571428571428571,3.0
accuracy,0.8144329896907216,0.8144329896907216,0.8144329896907216,0.8144329896907216
macro avg,0.5151360544217687,0.6978383458646616,0.5875564385046054,97.0
weighted avg,0.7389788905252824,0.8144329896907216,0.7680340688414768,97.0
