,precision,recall,f1-score,support
0,0.0,0.0,0.0,14.0
1,0.9411764705882353,0.8421052631578947,0.8888888888888888,57.0
2,0.4411764705882353,0.9375,0.6,16.0
3,1.0,1.0,1.0,3.0
4A,0.75,0.75,0.75,4.0
4X,0.75,1.0,0.8571428571428571,3.0
accuracy,0.7422680412371134,0.7422680412371134,0.7422680412371134,0.7422680412371134
macro avg,0.6470588235294118,0.7549342105263158,0.6826719576719577,97.0
weighted avg,0.7108853850818678,0.7422680412371134,0.7096710849288168,97.0
